file,age,gender,race,service_test
train/1.jpg,50-59,Male,East Asian,True
train/2.jpg,30-39,Female,Indian,False
train/3.jpg,3-9,Female,Black,False
train/4.jpg,20-29,Female,Indian,True
train/5.jpg,20-29,Female,Indian,True
train/6.jpg,20-29,Male,White,True
train/7.jpg,40-49,Male,Middle Eastern,False
train/8.jpg,30-39,Female,Indian,True
train/9.jpg,10-19,Male,White,True
train/10.jpg,30-39,Male,Middle Eastern,False
train/11.jpg,50-59,Male,East Asian,True
train/12.jpg,20-29,Male,East Asian,False
train/13.jpg,20-29,Male,Latino_Hispanic,False
train/14.jpg,10-19,Male,Indian,True
train/15.jpg,60-69,Female,Indian,True
train/16.jpg,30-39,Female,White,False
train/17.jpg,20-29,Female,Southeast Asian,False
train/18.jpg,40-49,Male,Southeast Asian,False
train/19.jpg,0-2,Female,Black,False
train/20.jpg,50-59,Male,Southeast Asian,True
train/21.jpg,20-29,Female,Indian,True
train/22.jpg,30-39,Female,Middle Eastern,True
train/23.jpg,20-29,Female,Black,True
train/24.jpg,30-39,Female,White,False
train/25.jpg,20-29,Female,White,False
train/26.jpg,30-39,Female,Black,True
train/27.jpg,50-59,Female,White,False
train/28.jpg,10-19,Female,White,False
train/29.jpg,20-29,Male,Indian,True
train/30.jpg,20-29,Female,Black,False
train/31.jpg,40-49,Female,Black,True
train/32.jpg,10-19,Female,East Asian,True
train/33.jpg,50-59,Male,White,False
train/34.jpg,40-49,Male,Middle Eastern,False
train/35.jpg,20-29,Male,East Asian,True
train/36.jpg,60-69,Female,Middle Eastern,True
train/37.jpg,20-29,Female,Latino_Hispanic,False
train/38.jpg,30-39,Male,Latino_Hispanic,True
train/39.jpg,50-59,Male,Middle Eastern,False
train/40.jpg,20-29,Female,Latino_Hispanic,False
train/41.jpg,20-29,Male,White,True
train/42.jpg,10-19,Female,Black,False
train/43.jpg,10-19,Female,Southeast Asian,True
train/44.jpg,40-49,Male,Latino_Hispanic,False
train/45.jpg,10-19,Male,Indian,True
train/46.jpg,10-19,Female,Indian,True
train/47.jpg,60-69,Male,East Asian,True
train/48.jpg,3-9,Female,Middle Eastern,True
train/49.jpg,10-19,Female,Southeast Asian,False
train/50.jpg,50-59,Female,Black,False
train/51.jpg,3-9,Female,East Asian,False
train/52.jpg,60-69,Male,Latino_Hispanic,False
train/53.jpg,50-59,Male,Southeast Asian,False
train/54.jpg,30-39,Female,East Asian,False
train/55.jpg,30-39,Male,Southeast Asian,True
train/56.jpg,30-39,Male,White,False
train/57.jpg,20-29,Male,Black,False
train/58.jpg,40-49,Female,Latino_Hispanic,True
train/59.jpg,10-19,Female,Latino_Hispanic,False
train/60.jpg,10-19,Female,Latino_Hispanic,True
train/61.jpg,3-9,Male,East Asian,False
train/62.jpg,10-19,Male,Indian,True
train/63.jpg,40-49,Male,Indian,False
train/64.jpg,20-29,Male,Southeast Asian,False
train/65.jpg,30-39,Male,East Asian,True
train/66.jpg,30-39,Male,Latino_Hispanic,True
train/67.jpg,10-19,Female,Latino_Hispanic,False
train/68.jpg,60-69,Male,White,False
train/69.jpg,50-59,Male,Southeast Asian,True
train/70.jpg,30-39,Male,Indian,True
train/71.jpg,60-69,Female,Indian,False
train/72.jpg,30-39,Male,Latino_Hispanic,True
train/73.jpg,30-39,Female,Latino_Hispanic,True
train/74.jpg,20-29,Female,Southeast Asian,False
train/75.jpg,30-39,Male,Indian,True
train/76.jpg,20-29,Male,Southeast Asian,True
train/77.jpg,50-59,Female,Black,True
train/78.jpg,20-29,Female,Middle Eastern,True
train/79.jpg,40-49,Male,Latino_Hispanic,False
train/80.jpg,30-39,Male,White,False
train/81.jpg,30-39,Female,Black,False
train/82.jpg,30-39,Male,Indian,False
train/83.jpg,40-49,Male,White,False
train/84.jpg,10-19,Female,Black,True
train/85.jpg,20-29,Female,White,False
train/86.jpg,20-29,Female,Black,True
train/87.jpg,20-29,Male,Black,True
train/88.jpg,20-29,Female,Southeast Asian,True
train/89.jpg,40-49,Male,Indian,False
train/90.jpg,50-59,Male,Indian,False
train/91.jpg,30-39,Male,Latino_Hispanic,False
train/92.jpg,0-2,Female,East Asian,False
train/93.jpg,30-39,Female,White,False
train/94.jpg,3-9,Female,Latino_Hispanic,False
train/95.jpg,20-29,Male,Black,False
train/96.jpg,30-39,Female,White,True
train/97.jpg,30-39,Female,White,False
train/98.jpg,20-29,Female,East Asian,False
train/99.jpg,30-39,Male,White,False
train/100.jpg,20-29,Female,East Asian,False
train/101.jpg,30-39,Male,Indian,False
train/102.jpg,30-39,Male,White,False
train/103.jpg,40-49,Male,Indian,True
train/104.jpg,30-39,Male,Indian,False
train/105.jpg,50-59,Male,East Asian,False
train/106.jpg,40-49,Male,Black,False
train/107.jpg,30-39,Female,White,False
train/108.jpg,more than 70,Female,Indian,False
train/109.jpg,20-29,Female,Middle Eastern,True
train/110.jpg,30-39,Male,White,False
train/111.jpg,40-49,Female,Indian,False
train/112.jpg,40-49,Female,Latino_Hispanic,False
train/113.jpg,30-39,Male,Middle Eastern,True
train/114.jpg,30-39,Female,White,False
train/115.jpg,50-59,Male,Black,True
train/116.jpg,20-29,Female,Latino_Hispanic,False
train/117.jpg,30-39,Male,White,False
train/118.jpg,30-39,Male,White,False
train/119.jpg,40-49,Male,Indian,True
train/120.jpg,60-69,Male,Middle Eastern,False
train/121.jpg,20-29,Female,White,False
train/122.jpg,20-29,Female,East Asian,False
train/123.jpg,30-39,Female,Black,False
train/124.jpg,0-2,Male,Indian,False
train/125.jpg,40-49,Male,White,False
train/126.jpg,30-39,Female,East Asian,False
train/127.jpg,3-9,Female,White,True
train/128.jpg,20-29,Female,Indian,True
train/129.jpg,10-19,Female,Black,False
train/130.jpg,50-59,Male,White,True
train/131.jpg,30-39,Female,Middle Eastern,True
train/132.jpg,3-9,Female,White,False
train/133.jpg,3-9,Male,Latino_Hispanic,True
train/134.jpg,30-39,Male,White,False
train/135.jpg,40-49,Female,White,True
train/136.jpg,50-59,Female,Indian,False
train/137.jpg,40-49,Male,Latino_Hispanic,False
train/138.jpg,50-59,Male,Black,False
train/139.jpg,30-39,Female,East Asian,True
train/140.jpg,20-29,Female,East Asian,False
train/141.jpg,10-19,Male,Latino_Hispanic,True
train/142.jpg,30-39,Male,East Asian,False
train/143.jpg,30-39,Male,Indian,False
train/144.jpg,more than 70,Male,East Asian,False
train/145.jpg,30-39,Male,White,False
train/146.jpg,40-49,Male,Southeast Asian,True
train/147.jpg,40-49,Male,Southeast Asian,False
train/148.jpg,50-59,Male,Southeast Asian,False
train/149.jpg,50-59,Male,Indian,True
train/150.jpg,20-29,Male,Latino_Hispanic,False
train/151.jpg,20-29,Female,Black,True
train/152.jpg,20-29,Male,Middle Eastern,True
train/153.jpg,20-29,Female,Southeast Asian,True
train/154.jpg,30-39,Male,White,True
train/155.jpg,20-29,Male,Southeast Asian,True
train/156.jpg,20-29,Male,Latino_Hispanic,True
train/157.jpg,20-29,Male,White,False
train/158.jpg,3-9,Male,Black,False
train/159.jpg,30-39,Female,Indian,False
train/160.jpg,40-49,Female,Black,True
train/161.jpg,10-19,Female,Latino_Hispanic,True
train/162.jpg,30-39,Female,White,False
train/163.jpg,10-19,Male,Southeast Asian,True
train/164.jpg,20-29,Female,East Asian,True
train/165.jpg,50-59,Female,Southeast Asian,True
train/166.jpg,3-9,Male,East Asian,False
train/167.jpg,30-39,Female,Latino_Hispanic,False
train/168.jpg,20-29,Female,Southeast Asian,True
train/169.jpg,20-29,Male,East Asian,False
train/170.jpg,20-29,Female,Southeast Asian,True
train/171.jpg,30-39,Female,White,False
train/172.jpg,10-19,Male,Southeast Asian,False
train/173.jpg,20-29,Female,Latino_Hispanic,True
train/174.jpg,60-69,Male,Indian,False
train/175.jpg,20-29,Female,Indian,False
train/176.jpg,60-69,Female,White,False
train/177.jpg,30-39,Female,White,False
train/178.jpg,30-39,Male,White,False
train/179.jpg,10-19,Female,Black,False
train/180.jpg,30-39,Male,Middle Eastern,False
train/181.jpg,20-29,Female,Latino_Hispanic,False
train/182.jpg,40-49,Male,Black,False
train/183.jpg,20-29,Female,Black,True
train/184.jpg,20-29,Male,White,False
train/185.jpg,3-9,Male,Black,False
train/186.jpg,50-59,Female,Southeast Asian,False
train/187.jpg,30-39,Female,Middle Eastern,True
train/188.jpg,3-9,Female,Indian,True
train/189.jpg,3-9,Female,East Asian,False
train/190.jpg,10-19,Male,East Asian,True
train/191.jpg,20-29,Female,East Asian,True
train/192.jpg,10-19,Female,White,False
train/193.jpg,60-69,Male,White,False
train/194.jpg,20-29,Male,East Asian,True
train/195.jpg,40-49,Male,Black,True
train/196.jpg,20-29,Female,Middle Eastern,True
train/197.jpg,40-49,Female,White,False
train/198.jpg,10-19,Female,Indian,False
train/199.jpg,20-29,Female,Latino_Hispanic,False
train/200.jpg,10-19,Male,Indian,True
train/201.jpg,40-49,Female,Latino_Hispanic,True
train/202.jpg,40-49,Male,Black,False
train/203.jpg,20-29,Male,White,True
train/204.jpg,20-29,Female,East Asian,False
train/205.jpg,3-9,Female,Southeast Asian,True
train/206.jpg,50-59,Female,White,False
train/207.jpg,20-29,Female,Middle Eastern,True
train/208.jpg,30-39,Female,Indian,False
train/209.jpg,30-39,Female,Black,False
train/210.jpg,3-9,Male,Black,False
train/211.jpg,20-29,Male,Southeast Asian,True
train/212.jpg,3-9,Male,East Asian,True
train/213.jpg,50-59,Male,White,False
train/214.jpg,50-59,Male,White,False
train/215.jpg,30-39,Female,Black,True
train/216.jpg,50-59,Male,Black,False
train/217.jpg,40-49,Male,Indian,False
train/218.jpg,30-39,Female,Middle Eastern,True
train/219.jpg,30-39,Female,Southeast Asian,False
train/220.jpg,3-9,Male,Latino_Hispanic,True
train/221.jpg,3-9,Female,White,False
train/222.jpg,30-39,Male,Middle Eastern,True
train/223.jpg,50-59,Male,Latino_Hispanic,False
train/224.jpg,40-49,Female,Latino_Hispanic,True
train/225.jpg,40-49,Male,Middle Eastern,False
train/226.jpg,20-29,Female,Southeast Asian,False
train/227.jpg,30-39,Male,Middle Eastern,False
train/228.jpg,20-29,Female,Indian,True
train/229.jpg,30-39,Male,Latino_Hispanic,True
train/230.jpg,50-59,Male,White,True
train/231.jpg,30-39,Male,Southeast Asian,False
train/232.jpg,50-59,Male,Middle Eastern,False
train/233.jpg,20-29,Male,Middle Eastern,True
train/234.jpg,40-49,Male,White,False
train/235.jpg,20-29,Female,East Asian,False
train/236.jpg,20-29,Female,Southeast Asian,False
train/237.jpg,30-39,Male,Indian,True
train/238.jpg,30-39,Male,Southeast Asian,True
train/239.jpg,30-39,Female,White,True
train/240.jpg,20-29,Female,Indian,False
train/241.jpg,30-39,Male,White,False
train/242.jpg,20-29,Female,Indian,True
train/243.jpg,40-49,Female,Southeast Asian,True
train/244.jpg,40-49,Female,Black,True
train/245.jpg,20-29,Female,Southeast Asian,False
train/246.jpg,20-29,Male,White,False
train/247.jpg,20-29,Female,Indian,True
train/248.jpg,3-9,Male,Black,False
train/249.jpg,10-19,Male,Indian,False
train/250.jpg,30-39,Female,East Asian,False
train/251.jpg,3-9,Male,Black,True
train/252.jpg,20-29,Female,East Asian,False
train/253.jpg,3-9,Male,Southeast Asian,True
train/254.jpg,3-9,Male,Latino_Hispanic,False
train/255.jpg,more than 70,Female,Southeast Asian,False
train/256.jpg,3-9,Male,East Asian,False
train/257.jpg,10-19,Female,Latino_Hispanic,False
train/258.jpg,3-9,Male,Southeast Asian,True
train/259.jpg,10-19,Female,Latino_Hispanic,True
train/260.jpg,20-29,Male,Black,True
train/261.jpg,30-39,Male,Latino_Hispanic,False
train/262.jpg,3-9,Male,Black,False
train/263.jpg,40-49,Female,Black,False
train/264.jpg,10-19,Male,Southeast Asian,False
train/265.jpg,30-39,Female,White,False
train/266.jpg,10-19,Male,Latino_Hispanic,True
train/267.jpg,40-49,Male,Black,True
train/268.jpg,20-29,Male,Latino_Hispanic,True
train/269.jpg,20-29,Female,Southeast Asian,False
train/270.jpg,20-29,Female,Latino_Hispanic,False
train/271.jpg,20-29,Female,Southeast Asian,True
train/272.jpg,40-49,Male,White,False
train/273.jpg,30-39,Male,Indian,True
train/274.jpg,30-39,Male,Black,True
train/275.jpg,10-19,Male,Black,True
train/276.jpg,3-9,Male,Black,False
train/277.jpg,3-9,Male,Indian,True
train/278.jpg,3-9,Female,White,True
train/279.jpg,20-29,Female,Latino_Hispanic,True
train/280.jpg,30-39,Male,White,False
train/281.jpg,30-39,Male,Indian,False
train/282.jpg,40-49,Female,Black,True
train/283.jpg,40-49,Male,East Asian,True
train/284.jpg,10-19,Female,Latino_Hispanic,True
train/285.jpg,30-39,Male,White,False
train/286.jpg,20-29,Male,Southeast Asian,True
train/287.jpg,3-9,Male,Black,False
train/288.jpg,20-29,Female,East Asian,False
train/289.jpg,30-39,Female,Black,False
train/290.jpg,10-19,Male,East Asian,True
train/291.jpg,50-59,Male,Latino_Hispanic,True
train/292.jpg,20-29,Female,White,False
train/293.jpg,10-19,Male,Black,True
train/294.jpg,3-9,Female,Southeast Asian,False
train/295.jpg,30-39,Male,Latino_Hispanic,False
train/296.jpg,20-29,Female,Latino_Hispanic,False
train/297.jpg,30-39,Female,Southeast Asian,True
train/298.jpg,20-29,Male,White,True
train/299.jpg,40-49,Male,White,False
train/300.jpg,3-9,Female,Black,False
train/301.jpg,30-39,Male,Middle Eastern,False
train/302.jpg,3-9,Female,Black,False
train/303.jpg,20-29,Female,White,True
train/304.jpg,3-9,Female,Middle Eastern,True
train/305.jpg,30-39,Female,Indian,False
train/306.jpg,50-59,Male,Latino_Hispanic,False
train/307.jpg,30-39,Female,East Asian,True
train/308.jpg,20-29,Male,Middle Eastern,True
train/309.jpg,40-49,Female,White,True
train/310.jpg,30-39,Male,Middle Eastern,False
train/311.jpg,20-29,Female,East Asian,False
train/312.jpg,20-29,Female,Middle Eastern,True
train/313.jpg,20-29,Male,Black,True
train/314.jpg,40-49,Male,Black,True
train/315.jpg,30-39,Male,Indian,True
train/316.jpg,30-39,Male,Latino_Hispanic,False
train/317.jpg,30-39,Female,Southeast Asian,True
train/318.jpg,40-49,Male,White,False
train/319.jpg,10-19,Female,Indian,True
train/320.jpg,20-29,Female,East Asian,False
train/321.jpg,3-9,Female,Indian,False
train/322.jpg,20-29,Female,White,True
train/323.jpg,60-69,Male,White,False
train/324.jpg,40-49,Female,Latino_Hispanic,False
train/325.jpg,30-39,Female,East Asian,True
train/326.jpg,40-49,Male,East Asian,True
train/327.jpg,3-9,Male,Black,False
train/328.jpg,50-59,Male,Indian,False
train/329.jpg,30-39,Male,East Asian,False
train/330.jpg,20-29,Female,East Asian,False
train/331.jpg,20-29,Female,White,False
train/332.jpg,40-49,Female,Latino_Hispanic,True
train/333.jpg,20-29,Male,White,True
train/334.jpg,40-49,Male,White,False
train/335.jpg,20-29,Female,East Asian,False
train/336.jpg,30-39,Female,Latino_Hispanic,True
train/337.jpg,50-59,Male,White,False
train/338.jpg,3-9,Male,Indian,True
train/339.jpg,20-29,Female,White,False
train/340.jpg,3-9,Male,White,False
train/341.jpg,20-29,Female,Southeast Asian,False
train/342.jpg,40-49,Female,Indian,True
train/343.jpg,20-29,Male,Indian,True
train/344.jpg,3-9,Female,Middle Eastern,True
train/345.jpg,20-29,Male,Latino_Hispanic,True
train/346.jpg,30-39,Female,White,False
train/347.jpg,20-29,Male,Southeast Asian,False
train/348.jpg,0-2,Female,White,False
train/349.jpg,40-49,Male,Indian,False
train/350.jpg,20-29,Male,Middle Eastern,True
train/351.jpg,30-39,Male,White,True
train/352.jpg,50-59,Male,Black,True
train/353.jpg,50-59,Male,East Asian,True
train/354.jpg,50-59,Male,Latino_Hispanic,False
train/355.jpg,30-39,Female,East Asian,True
train/356.jpg,0-2,Female,Southeast Asian,False
train/357.jpg,30-39,Male,East Asian,False
train/358.jpg,20-29,Female,East Asian,True
train/359.jpg,20-29,Female,White,False
train/360.jpg,10-19,Male,Southeast Asian,True
train/361.jpg,30-39,Female,Latino_Hispanic,False
train/362.jpg,3-9,Male,Middle Eastern,True
train/363.jpg,30-39,Male,Southeast Asian,False
train/364.jpg,3-9,Female,Indian,False
train/365.jpg,10-19,Male,Indian,True
train/366.jpg,20-29,Female,Latino_Hispanic,False
train/367.jpg,30-39,Male,Middle Eastern,True
train/368.jpg,20-29,Female,Indian,False
train/369.jpg,40-49,Female,East Asian,True
train/370.jpg,30-39,Male,Black,False
train/371.jpg,50-59,Male,Latino_Hispanic,False
train/372.jpg,30-39,Male,Middle Eastern,False
train/373.jpg,30-39,Male,East Asian,False
train/374.jpg,20-29,Female,Southeast Asian,False
train/375.jpg,30-39,Male,Indian,True
train/376.jpg,20-29,Male,Black,True
train/377.jpg,50-59,Female,Latino_Hispanic,True
train/378.jpg,30-39,Male,Southeast Asian,True
train/379.jpg,50-59,Male,Latino_Hispanic,False
train/380.jpg,40-49,Female,White,True
train/381.jpg,30-39,Female,Middle Eastern,True
train/382.jpg,30-39,Female,East Asian,False
train/383.jpg,30-39,Female,East Asian,False
train/384.jpg,20-29,Female,Black,True
train/385.jpg,40-49,Male,Middle Eastern,False
train/386.jpg,20-29,Male,East Asian,False
train/387.jpg,30-39,Male,Middle Eastern,True
train/388.jpg,10-19,Female,Black,True
train/389.jpg,30-39,Female,East Asian,True
train/390.jpg,20-29,Male,East Asian,False
train/391.jpg,3-9,Female,East Asian,False
train/392.jpg,10-19,Male,Black,True
train/393.jpg,10-19,Female,Indian,False
train/394.jpg,3-9,Male,Latino_Hispanic,False
train/395.jpg,50-59,Male,Middle Eastern,False
train/396.jpg,20-29,Female,White,True
train/397.jpg,0-2,Male,Middle Eastern,False
train/398.jpg,50-59,Male,East Asian,True
train/399.jpg,10-19,Female,Middle Eastern,True
train/400.jpg,20-29,Male,Black,True
train/401.jpg,40-49,Male,Indian,True
train/402.jpg,30-39,Male,Latino_Hispanic,True
train/403.jpg,30-39,Male,Indian,True
train/404.jpg,30-39,Male,Indian,False
train/405.jpg,20-29,Female,Latino_Hispanic,True
train/406.jpg,60-69,Male,White,False
train/407.jpg,20-29,Female,Latino_Hispanic,False
train/408.jpg,10-19,Male,Latino_Hispanic,False
train/409.jpg,30-39,Female,White,False
train/410.jpg,20-29,Male,Latino_Hispanic,True
train/411.jpg,20-29,Female,Latino_Hispanic,False
train/412.jpg,3-9,Male,East Asian,False
train/413.jpg,30-39,Female,White,False
train/414.jpg,3-9,Male,Black,False
train/415.jpg,30-39,Male,Indian,True
train/416.jpg,3-9,Female,Southeast Asian,False
train/417.jpg,3-9,Male,Middle Eastern,True
train/418.jpg,more than 70,Male,Middle Eastern,False
train/419.jpg,30-39,Male,White,False
train/420.jpg,40-49,Female,White,False
train/421.jpg,10-19,Male,Southeast Asian,True
train/422.jpg,10-19,Male,East Asian,True
train/423.jpg,20-29,Male,Latino_Hispanic,True
train/424.jpg,3-9,Female,Black,True
train/425.jpg,20-29,Male,Indian,False
train/426.jpg,20-29,Female,Southeast Asian,True
train/427.jpg,30-39,Female,White,False
train/428.jpg,20-29,Male,Southeast Asian,True
train/429.jpg,30-39,Female,White,False
train/430.jpg,20-29,Female,Latino_Hispanic,True
train/431.jpg,20-29,Female,Latino_Hispanic,True
train/432.jpg,60-69,Male,Indian,True
train/433.jpg,10-19,Female,Black,False
train/434.jpg,30-39,Female,White,False
train/435.jpg,30-39,Female,Latino_Hispanic,False
train/436.jpg,20-29,Male,Middle Eastern,True
train/437.jpg,0-2,Male,Indian,False
train/438.jpg,20-29,Female,Middle Eastern,True
train/439.jpg,20-29,Female,Indian,True
train/440.jpg,40-49,Female,Black,False
train/441.jpg,20-29,Female,White,True
train/442.jpg,20-29,Female,Latino_Hispanic,True
train/443.jpg,40-49,Male,White,False
train/444.jpg,20-29,Male,White,True
train/445.jpg,20-29,Female,Indian,True
train/446.jpg,20-29,Male,East Asian,True
train/447.jpg,40-49,Female,Black,False
train/448.jpg,more than 70,Male,Latino_Hispanic,False
train/449.jpg,30-39,Male,East Asian,True
train/450.jpg,10-19,Male,Southeast Asian,False
train/451.jpg,3-9,Female,East Asian,True
train/452.jpg,20-29,Female,East Asian,False
train/453.jpg,40-49,Female,Southeast Asian,False
train/454.jpg,20-29,Female,White,False
train/455.jpg,20-29,Male,White,True
train/456.jpg,60-69,Male,White,False
train/457.jpg,20-29,Male,Black,True
train/458.jpg,0-2,Female,Latino_Hispanic,False
train/459.jpg,10-19,Female,White,False
train/460.jpg,3-9,Female,East Asian,False
train/461.jpg,20-29,Male,East Asian,False
train/462.jpg,20-29,Female,East Asian,True
train/463.jpg,50-59,Male,Middle Eastern,False
train/464.jpg,3-9,Male,Black,True
train/465.jpg,30-39,Male,East Asian,True
train/466.jpg,30-39,Female,Southeast Asian,False
train/467.jpg,20-29,Female,Indian,False
train/468.jpg,3-9,Male,White,True
train/469.jpg,3-9,Male,Middle Eastern,True
train/470.jpg,3-9,Male,Southeast Asian,True
train/471.jpg,10-19,Female,Latino_Hispanic,True
train/472.jpg,20-29,Male,Middle Eastern,True
train/473.jpg,20-29,Female,East Asian,True
train/474.jpg,40-49,Male,White,False
train/475.jpg,20-29,Female,White,True
train/476.jpg,20-29,Female,White,True
train/477.jpg,30-39,Male,Latino_Hispanic,False
train/478.jpg,20-29,Male,Indian,True
train/479.jpg,3-9,Female,Latino_Hispanic,True
train/480.jpg,30-39,Female,White,True
train/481.jpg,50-59,Female,East Asian,True
train/482.jpg,20-29,Female,White,False
train/483.jpg,30-39,Male,Middle Eastern,True
train/484.jpg,20-29,Male,Latino_Hispanic,True
train/485.jpg,10-19,Female,Black,False
train/486.jpg,10-19,Female,Indian,True
train/487.jpg,30-39,Female,Middle Eastern,True
train/488.jpg,30-39,Female,Black,False
train/489.jpg,30-39,Female,Black,True
train/490.jpg,30-39,Female,East Asian,False
train/491.jpg,20-29,Male,Middle Eastern,True
train/492.jpg,30-39,Male,Black,False
train/493.jpg,10-19,Female,East Asian,True
train/494.jpg,30-39,Female,Latino_Hispanic,True
train/495.jpg,30-39,Male,White,False
train/496.jpg,30-39,Female,Southeast Asian,False
train/497.jpg,20-29,Female,East Asian,False
train/498.jpg,30-39,Male,Latino_Hispanic,True
train/499.jpg,40-49,Female,East Asian,True
train/500.jpg,40-49,Male,Southeast Asian,False
train/501.jpg,3-9,Male,White,False
train/502.jpg,0-2,Female,White,False
train/503.jpg,3-9,Female,Latino_Hispanic,True
train/504.jpg,20-29,Female,East Asian,False
train/505.jpg,3-9,Male,East Asian,False
train/506.jpg,0-2,Female,Indian,True
train/507.jpg,30-39,Male,White,False
train/508.jpg,3-9,Female,Indian,False
train/509.jpg,10-19,Female,East Asian,True
train/510.jpg,3-9,Male,East Asian,True
train/511.jpg,30-39,Male,White,False
train/512.jpg,10-19,Female,East Asian,True
train/513.jpg,10-19,Male,Southeast Asian,False
train/514.jpg,20-29,Female,White,False
train/515.jpg,60-69,Male,White,False
train/516.jpg,3-9,Male,Black,False
train/517.jpg,10-19,Female,Black,False
train/518.jpg,3-9,Male,East Asian,False
train/519.jpg,20-29,Female,Latino_Hispanic,True
train/520.jpg,20-29,Male,White,True
train/521.jpg,20-29,Male,Latino_Hispanic,True
train/522.jpg,20-29,Male,Indian,True
train/523.jpg,20-29,Female,White,True
train/524.jpg,30-39,Female,White,False
train/525.jpg,40-49,Male,Black,True
train/526.jpg,40-49,Female,Black,True
train/527.jpg,20-29,Male,Black,True
train/528.jpg,30-39,Male,White,True
train/529.jpg,10-19,Female,Southeast Asian,False
train/530.jpg,20-29,Female,Latino_Hispanic,False
train/531.jpg,3-9,Male,Black,False
train/532.jpg,20-29,Female,Latino_Hispanic,False
train/533.jpg,20-29,Female,Black,True
train/534.jpg,40-49,Male,Southeast Asian,False
train/535.jpg,30-39,Female,Black,True
train/536.jpg,30-39,Male,East Asian,True
train/537.jpg,40-49,Male,Middle Eastern,True
train/538.jpg,50-59,Female,White,False
train/539.jpg,20-29,Male,East Asian,False
train/540.jpg,40-49,Male,Black,False
train/541.jpg,3-9,Male,Latino_Hispanic,False
train/542.jpg,30-39,Male,Latino_Hispanic,True
train/543.jpg,30-39,Male,White,False
train/544.jpg,20-29,Female,Indian,True
train/545.jpg,30-39,Female,Latino_Hispanic,False
train/546.jpg,40-49,Male,Indian,True
train/547.jpg,30-39,Male,Latino_Hispanic,False
train/548.jpg,10-19,Female,Southeast Asian,False
train/549.jpg,30-39,Male,Latino_Hispanic,False
train/550.jpg,50-59,Male,Latino_Hispanic,False
train/551.jpg,20-29,Male,Latino_Hispanic,False
train/552.jpg,40-49,Male,Southeast Asian,True
train/553.jpg,20-29,Male,White,False
train/554.jpg,20-29,Female,Indian,True
train/555.jpg,50-59,Male,White,False
train/556.jpg,60-69,Male,Latino_Hispanic,False
train/557.jpg,30-39,Male,Latino_Hispanic,False
train/558.jpg,3-9,Male,Indian,False
train/559.jpg,30-39,Female,White,False
train/560.jpg,40-49,Female,White,True
train/561.jpg,0-2,Male,White,False
train/562.jpg,30-39,Female,Middle Eastern,True
train/563.jpg,10-19,Female,White,True
train/564.jpg,20-29,Female,Black,False
train/565.jpg,30-39,Male,Black,True
train/566.jpg,10-19,Female,East Asian,True
train/567.jpg,50-59,Female,Indian,False
train/568.jpg,30-39,Female,White,False
train/569.jpg,50-59,Male,Indian,False
train/570.jpg,50-59,Male,Middle Eastern,False
train/571.jpg,50-59,Male,White,False
train/572.jpg,30-39,Male,Black,True
train/573.jpg,3-9,Male,Southeast Asian,False
train/574.jpg,3-9,Female,Southeast Asian,False
train/575.jpg,10-19,Female,Middle Eastern,True
train/576.jpg,40-49,Female,Latino_Hispanic,False
train/577.jpg,30-39,Male,Latino_Hispanic,True
train/578.jpg,30-39,Male,White,False
train/579.jpg,3-9,Male,Latino_Hispanic,False
train/580.jpg,20-29,Male,Indian,True
train/581.jpg,3-9,Male,East Asian,False
train/582.jpg,10-19,Male,Southeast Asian,True
train/583.jpg,3-9,Female,East Asian,False
train/584.jpg,40-49,Male,East Asian,True
train/585.jpg,10-19,Male,Latino_Hispanic,False
train/586.jpg,20-29,Female,Black,True
train/587.jpg,40-49,Male,White,False
train/588.jpg,10-19,Female,Indian,True
train/589.jpg,10-19,Female,Black,False
train/590.jpg,50-59,Female,Southeast Asian,False
train/591.jpg,50-59,Male,Latino_Hispanic,False
train/592.jpg,10-19,Male,Black,True
train/593.jpg,30-39,Female,Latino_Hispanic,False
train/594.jpg,10-19,Female,Latino_Hispanic,False
train/595.jpg,30-39,Female,Black,False
train/596.jpg,3-9,Female,Southeast Asian,False
train/597.jpg,40-49,Male,Latino_Hispanic,False
train/598.jpg,20-29,Male,White,True
train/599.jpg,3-9,Male,East Asian,False
train/600.jpg,20-29,Male,Indian,True
train/601.jpg,20-29,Female,Southeast Asian,False
train/602.jpg,50-59,Female,White,False
train/603.jpg,20-29,Female,Indian,True
train/604.jpg,40-49,Male,Latino_Hispanic,False
train/605.jpg,30-39,Male,Black,False
train/606.jpg,20-29,Female,Middle Eastern,True
train/607.jpg,3-9,Female,Southeast Asian,True
train/608.jpg,20-29,Female,Latino_Hispanic,False
train/609.jpg,40-49,Male,Black,True
train/610.jpg,40-49,Male,Middle Eastern,True
train/611.jpg,50-59,Male,Middle Eastern,False
train/612.jpg,20-29,Female,White,False
train/613.jpg,20-29,Male,Latino_Hispanic,True
train/614.jpg,30-39,Female,Latino_Hispanic,True
train/615.jpg,40-49,Female,East Asian,True
train/616.jpg,30-39,Female,Indian,False
train/617.jpg,40-49,Male,Latino_Hispanic,True
train/618.jpg,40-49,Male,Southeast Asian,True
train/619.jpg,60-69,Female,East Asian,False
train/620.jpg,40-49,Female,Black,True
train/621.jpg,10-19,Male,Southeast Asian,False
train/622.jpg,20-29,Female,Southeast Asian,False
train/623.jpg,30-39,Female,East Asian,False
train/624.jpg,30-39,Female,Indian,False
train/625.jpg,20-29,Female,Latino_Hispanic,False
train/626.jpg,20-29,Male,Southeast Asian,True
train/627.jpg,20-29,Female,East Asian,True
train/628.jpg,30-39,Female,Middle Eastern,True
train/629.jpg,30-39,Female,Southeast Asian,True
train/630.jpg,40-49,Female,Latino_Hispanic,False
train/631.jpg,30-39,Female,Latino_Hispanic,False
train/632.jpg,3-9,Female,Southeast Asian,True
train/633.jpg,10-19,Male,Latino_Hispanic,False
train/634.jpg,20-29,Male,East Asian,True
train/635.jpg,3-9,Male,Southeast Asian,True
train/636.jpg,20-29,Female,Indian,True
train/637.jpg,30-39,Male,Latino_Hispanic,False
train/638.jpg,10-19,Female,East Asian,True
train/639.jpg,20-29,Male,Latino_Hispanic,True
train/640.jpg,20-29,Female,White,False
train/641.jpg,3-9,Male,East Asian,False
train/642.jpg,20-29,Male,Indian,True
train/643.jpg,30-39,Male,Latino_Hispanic,False
train/644.jpg,30-39,Male,White,False
train/645.jpg,20-29,Female,Black,True
train/646.jpg,30-39,Male,Latino_Hispanic,True
train/647.jpg,40-49,Male,Middle Eastern,True
train/648.jpg,30-39,Male,Middle Eastern,False
train/649.jpg,20-29,Male,White,True
train/650.jpg,10-19,Female,Indian,False
train/651.jpg,40-49,Female,Indian,True
train/652.jpg,30-39,Female,White,False
train/653.jpg,40-49,Female,East Asian,False
train/654.jpg,50-59,Male,Black,False
train/655.jpg,10-19,Male,Indian,False
train/656.jpg,30-39,Male,White,False
train/657.jpg,30-39,Male,Latino_Hispanic,False
train/658.jpg,30-39,Male,Indian,True
train/659.jpg,50-59,Male,Latino_Hispanic,False
train/660.jpg,3-9,Male,East Asian,True
train/661.jpg,30-39,Female,Southeast Asian,True
train/662.jpg,40-49,Female,White,False
train/663.jpg,30-39,Male,White,False
train/664.jpg,10-19,Male,Latino_Hispanic,True
train/665.jpg,20-29,Female,White,False
train/666.jpg,30-39,Female,White,False
train/667.jpg,20-29,Male,White,True
train/668.jpg,30-39,Male,Middle Eastern,False
train/669.jpg,40-49,Male,Middle Eastern,True
train/670.jpg,20-29,Male,Indian,False
train/671.jpg,50-59,Male,Latino_Hispanic,False
train/672.jpg,30-39,Male,White,False
train/673.jpg,20-29,Female,Indian,True
train/674.jpg,3-9,Male,Southeast Asian,True
train/675.jpg,40-49,Female,Black,True
train/676.jpg,50-59,Male,Indian,False
train/677.jpg,30-39,Male,Indian,False
train/678.jpg,50-59,Female,Latino_Hispanic,False
train/679.jpg,40-49,Male,Middle Eastern,False
train/680.jpg,10-19,Female,Black,False
train/681.jpg,20-29,Female,Southeast Asian,True
train/682.jpg,20-29,Female,Latino_Hispanic,True
train/683.jpg,20-29,Female,Southeast Asian,True
train/684.jpg,40-49,Female,Black,False
train/685.jpg,30-39,Female,Southeast Asian,True
train/686.jpg,10-19,Female,Latino_Hispanic,False
train/687.jpg,30-39,Female,White,True
train/688.jpg,20-29,Male,Southeast Asian,True
train/689.jpg,10-19,Female,Latino_Hispanic,False
train/690.jpg,40-49,Female,White,False
train/691.jpg,50-59,Male,White,False
train/692.jpg,20-29,Male,East Asian,False
train/693.jpg,20-29,Male,Middle Eastern,False
train/694.jpg,40-49,Female,Middle Eastern,True
train/695.jpg,40-49,Male,Indian,True
train/696.jpg,20-29,Male,Middle Eastern,True
train/697.jpg,40-49,Male,Latino_Hispanic,False
train/698.jpg,10-19,Female,White,True
train/699.jpg,40-49,Male,White,False
train/700.jpg,30-39,Female,Southeast Asian,False
train/701.jpg,40-49,Male,Indian,False
train/702.jpg,30-39,Male,Black,False
train/703.jpg,3-9,Female,Latino_Hispanic,False
train/704.jpg,10-19,Female,East Asian,False
train/705.jpg,20-29,Male,Middle Eastern,True
train/706.jpg,20-29,Male,White,True
train/707.jpg,30-39,Female,Southeast Asian,True
train/708.jpg,20-29,Male,Latino_Hispanic,True
train/709.jpg,40-49,Male,Middle Eastern,False
train/710.jpg,40-49,Male,Latino_Hispanic,False
train/711.jpg,20-29,Female,White,True
train/712.jpg,40-49,Male,White,False
train/713.jpg,20-29,Female,Middle Eastern,True
train/714.jpg,60-69,Female,Black,True
train/715.jpg,30-39,Male,Indian,False
train/716.jpg,10-19,Male,Latino_Hispanic,True
train/717.jpg,20-29,Male,White,True
train/718.jpg,more than 70,Male,Middle Eastern,False
train/719.jpg,20-29,Male,White,True
train/720.jpg,more than 70,Female,Southeast Asian,True
train/721.jpg,30-39,Male,East Asian,True
train/722.jpg,3-9,Female,Black,True
train/723.jpg,20-29,Female,White,False
train/724.jpg,3-9,Male,Middle Eastern,True
train/725.jpg,0-2,Female,White,False
train/726.jpg,3-9,Male,White,False
train/727.jpg,10-19,Female,Middle Eastern,True
train/728.jpg,30-39,Female,Southeast Asian,True
train/729.jpg,20-29,Male,Indian,False
train/730.jpg,60-69,Female,Latino_Hispanic,False
train/731.jpg,10-19,Male,Southeast Asian,False
train/732.jpg,20-29,Female,Indian,True
train/733.jpg,20-29,Female,Indian,True
train/734.jpg,20-29,Male,Indian,True
train/735.jpg,0-2,Male,East Asian,False
train/736.jpg,20-29,Male,White,True
train/737.jpg,3-9,Female,Indian,False
train/738.jpg,40-49,Male,Latino_Hispanic,True
train/739.jpg,20-29,Female,Black,True
train/740.jpg,20-29,Female,Black,True
train/741.jpg,10-19,Female,Latino_Hispanic,True
train/742.jpg,40-49,Male,Middle Eastern,False
train/743.jpg,40-49,Male,White,False
train/744.jpg,40-49,Male,White,False
train/745.jpg,20-29,Female,Southeast Asian,True
train/746.jpg,40-49,Female,Latino_Hispanic,True
train/747.jpg,3-9,Male,Indian,False
train/748.jpg,20-29,Female,East Asian,True
train/749.jpg,20-29,Female,Black,False
train/750.jpg,3-9,Male,Latino_Hispanic,True
train/751.jpg,3-9,Male,White,False
train/752.jpg,10-19,Male,Southeast Asian,False
train/753.jpg,20-29,Female,East Asian,True
train/754.jpg,10-19,Male,Middle Eastern,True
train/755.jpg,60-69,Female,Indian,False
train/756.jpg,3-9,Male,Black,True
train/757.jpg,0-2,Female,Indian,False
train/758.jpg,20-29,Female,East Asian,True
train/759.jpg,3-9,Male,Indian,False
train/760.jpg,30-39,Female,Latino_Hispanic,False
train/761.jpg,30-39,Male,East Asian,True
train/762.jpg,30-39,Male,Black,False
train/763.jpg,20-29,Female,White,False
train/764.jpg,30-39,Male,White,True
train/765.jpg,30-39,Female,Middle Eastern,True
train/766.jpg,10-19,Female,White,True
train/767.jpg,20-29,Male,East Asian,False
train/768.jpg,50-59,Male,White,False
train/769.jpg,30-39,Female,Middle Eastern,True
train/770.jpg,20-29,Male,Latino_Hispanic,False
train/771.jpg,60-69,Female,Latino_Hispanic,False
train/772.jpg,20-29,Male,East Asian,False
train/773.jpg,10-19,Female,Middle Eastern,True
train/774.jpg,20-29,Female,Latino_Hispanic,False
train/775.jpg,10-19,Male,Latino_Hispanic,False
train/776.jpg,30-39,Male,Black,False
train/777.jpg,20-29,Male,Black,True
train/778.jpg,3-9,Female,Latino_Hispanic,True
train/779.jpg,20-29,Male,Middle Eastern,True
train/780.jpg,30-39,Male,Black,True
train/781.jpg,30-39,Male,Latino_Hispanic,False
train/782.jpg,50-59,Male,Latino_Hispanic,False
train/783.jpg,50-59,Male,Black,True
train/784.jpg,20-29,Male,White,False
train/785.jpg,20-29,Female,White,False
train/786.jpg,20-29,Male,East Asian,False
train/787.jpg,40-49,Male,Indian,True
train/788.jpg,30-39,Female,White,True
train/789.jpg,40-49,Male,Indian,False
train/790.jpg,20-29,Male,Black,False
train/791.jpg,3-9,Female,White,True
train/792.jpg,30-39,Female,White,False
train/793.jpg,30-39,Female,Southeast Asian,False
train/794.jpg,20-29,Male,White,False
train/795.jpg,3-9,Male,Black,False
train/796.jpg,30-39,Male,Southeast Asian,True
train/797.jpg,20-29,Female,Latino_Hispanic,False
train/798.jpg,30-39,Female,Latino_Hispanic,True
train/799.jpg,50-59,Male,Southeast Asian,False
train/800.jpg,3-9,Male,Black,False
train/801.jpg,50-59,Male,Black,True
train/802.jpg,10-19,Female,Black,False
train/803.jpg,30-39,Female,Black,True
train/804.jpg,10-19,Male,East Asian,False
train/805.jpg,3-9,Male,White,True
train/806.jpg,30-39,Male,White,True
train/807.jpg,10-19,Female,White,False
train/808.jpg,20-29,Male,East Asian,False
train/809.jpg,20-29,Female,East Asian,False
train/810.jpg,40-49,Male,East Asian,False
train/811.jpg,60-69,Female,Latino_Hispanic,False
train/812.jpg,40-49,Male,Middle Eastern,True
train/813.jpg,50-59,Male,Latino_Hispanic,False
train/814.jpg,30-39,Male,White,False
train/815.jpg,20-29,Female,Indian,True
train/816.jpg,3-9,Male,Indian,True
train/817.jpg,40-49,Male,Southeast Asian,False
train/818.jpg,30-39,Male,Indian,True
train/819.jpg,50-59,Female,East Asian,True
train/820.jpg,20-29,Male,White,False
train/821.jpg,40-49,Male,Black,True
train/822.jpg,20-29,Female,Middle Eastern,True
train/823.jpg,10-19,Female,White,True
train/824.jpg,50-59,Male,White,False
train/825.jpg,3-9,Female,Latino_Hispanic,False
train/826.jpg,40-49,Male,East Asian,True
train/827.jpg,30-39,Male,White,False
train/828.jpg,30-39,Male,Black,True
train/829.jpg,30-39,Female,Middle Eastern,True
train/830.jpg,3-9,Female,Black,False
train/831.jpg,20-29,Female,Black,True
train/832.jpg,20-29,Female,Southeast Asian,False
train/833.jpg,3-9,Male,East Asian,False
train/834.jpg,20-29,Male,Southeast Asian,False
train/835.jpg,20-29,Female,Latino_Hispanic,False
train/836.jpg,3-9,Male,Southeast Asian,True
train/837.jpg,40-49,Female,Latino_Hispanic,False
train/838.jpg,20-29,Female,White,False
train/839.jpg,30-39,Male,Middle Eastern,False
train/840.jpg,3-9,Male,Middle Eastern,True
train/841.jpg,40-49,Male,Black,False
train/842.jpg,3-9,Male,Black,True
train/843.jpg,50-59,Male,Indian,False
train/844.jpg,10-19,Male,White,False
train/845.jpg,3-9,Female,White,False
train/846.jpg,40-49,Male,Indian,True
train/847.jpg,3-9,Female,Latino_Hispanic,False
train/848.jpg,10-19,Female,White,True
train/849.jpg,20-29,Female,Black,False
train/850.jpg,3-9,Female,Indian,False
train/851.jpg,20-29,Male,Black,True
train/852.jpg,20-29,Female,Black,True
train/853.jpg,10-19,Male,Middle Eastern,True
train/854.jpg,30-39,Female,Indian,True
train/855.jpg,20-29,Male,Indian,False
train/856.jpg,40-49,Male,Middle Eastern,False
train/857.jpg,60-69,Female,East Asian,True
train/858.jpg,40-49,Male,Indian,True
train/859.jpg,30-39,Male,Latino_Hispanic,True
train/860.jpg,30-39,Male,Middle Eastern,False
train/861.jpg,30-39,Male,Indian,True
train/862.jpg,30-39,Male,Middle Eastern,False
train/863.jpg,40-49,Female,Indian,True
train/864.jpg,30-39,Female,East Asian,True
train/865.jpg,10-19,Male,Black,True
train/866.jpg,20-29,Female,White,True
train/867.jpg,40-49,Male,Indian,True
train/868.jpg,0-2,Female,Indian,False
train/869.jpg,40-49,Female,Indian,True
train/870.jpg,30-39,Female,Black,False
train/871.jpg,3-9,Female,Southeast Asian,False
train/872.jpg,20-29,Female,Latino_Hispanic,True
train/873.jpg,10-19,Female,Southeast Asian,False
train/874.jpg,20-29,Female,White,False
train/875.jpg,20-29,Female,Indian,False
train/876.jpg,3-9,Male,Southeast Asian,True
train/877.jpg,20-29,Female,Southeast Asian,True
train/878.jpg,3-9,Male,Black,False
train/879.jpg,30-39,Male,Indian,True
train/880.jpg,20-29,Female,Black,False
train/881.jpg,50-59,Female,East Asian,True
train/882.jpg,50-59,Female,Middle Eastern,True
train/883.jpg,50-59,Female,Black,False
train/884.jpg,3-9,Female,Southeast Asian,False
train/885.jpg,60-69,Female,Indian,False
train/886.jpg,40-49,Female,White,False
train/887.jpg,30-39,Male,Southeast Asian,True
train/888.jpg,10-19,Female,Black,True
train/889.jpg,20-29,Male,Indian,True
train/890.jpg,60-69,Male,White,False
train/891.jpg,40-49,Female,Middle Eastern,True
train/892.jpg,10-19,Male,Indian,False
train/893.jpg,3-9,Male,Latino_Hispanic,False
train/894.jpg,40-49,Male,Latino_Hispanic,True
train/895.jpg,20-29,Female,Latino_Hispanic,False
train/896.jpg,40-49,Male,White,False
train/897.jpg,40-49,Female,Black,True
train/898.jpg,3-9,Male,Latino_Hispanic,False
train/899.jpg,40-49,Male,White,False
train/900.jpg,40-49,Female,Latino_Hispanic,True
train/901.jpg,20-29,Female,Black,False
train/902.jpg,3-9,Male,Southeast Asian,False
train/903.jpg,40-49,Male,White,True
train/904.jpg,30-39,Male,Latino_Hispanic,False
train/905.jpg,30-39,Male,Latino_Hispanic,False
train/906.jpg,40-49,Female,Southeast Asian,True
train/907.jpg,30-39,Male,Southeast Asian,False
train/908.jpg,10-19,Female,Middle Eastern,True
train/909.jpg,30-39,Female,White,False
train/910.jpg,20-29,Female,East Asian,True
train/911.jpg,30-39,Male,Black,False
train/912.jpg,3-9,Male,Indian,False
train/913.jpg,20-29,Male,Latino_Hispanic,True
train/914.jpg,40-49,Male,White,False
train/915.jpg,40-49,Male,Latino_Hispanic,False
train/916.jpg,40-49,Female,White,False
train/917.jpg,60-69,Female,Latino_Hispanic,False
train/918.jpg,20-29,Female,White,False
train/919.jpg,20-29,Female,Black,True
train/920.jpg,3-9,Male,Black,False
train/921.jpg,50-59,Female,Latino_Hispanic,False
train/922.jpg,3-9,Male,Black,False
train/923.jpg,30-39,Male,Black,True
train/924.jpg,3-9,Female,Southeast Asian,True
train/925.jpg,40-49,Male,White,False
train/926.jpg,30-39,Male,Southeast Asian,True
train/927.jpg,20-29,Male,Latino_Hispanic,False
train/928.jpg,40-49,Male,Latino_Hispanic,False
train/929.jpg,50-59,Male,Latino_Hispanic,False
train/930.jpg,20-29,Female,Latino_Hispanic,False
train/931.jpg,10-19,Male,White,True
train/932.jpg,30-39,Female,White,True
train/933.jpg,10-19,Female,White,True
train/934.jpg,20-29,Female,Latino_Hispanic,True
train/935.jpg,50-59,Male,Indian,False
train/936.jpg,20-29,Female,Southeast Asian,True
train/937.jpg,50-59,Female,Latino_Hispanic,True
train/938.jpg,3-9,Male,East Asian,False
train/939.jpg,30-39,Male,Indian,False
train/940.jpg,30-39,Female,White,True
train/941.jpg,30-39,Female,East Asian,True
train/942.jpg,3-9,Male,Black,False
train/943.jpg,20-29,Female,East Asian,True
train/944.jpg,60-69,Female,Southeast Asian,True
train/945.jpg,30-39,Male,Southeast Asian,False
train/946.jpg,3-9,Male,Black,False
train/947.jpg,3-9,Female,Black,False
train/948.jpg,10-19,Female,White,False
train/949.jpg,30-39,Female,East Asian,True
train/950.jpg,20-29,Male,White,True
train/951.jpg,50-59,Male,Middle Eastern,False
train/952.jpg,40-49,Male,Latino_Hispanic,True
train/953.jpg,3-9,Male,Black,False
train/954.jpg,40-49,Male,Middle Eastern,False
train/955.jpg,20-29,Female,Latino_Hispanic,False
train/956.jpg,3-9,Male,Middle Eastern,True
train/957.jpg,30-39,Female,Latino_Hispanic,True
train/958.jpg,3-9,Female,Southeast Asian,False
train/959.jpg,60-69,Female,Black,False
train/960.jpg,30-39,Male,Black,False
train/961.jpg,20-29,Male,Latino_Hispanic,True
train/962.jpg,40-49,Male,White,False
train/963.jpg,3-9,Male,East Asian,False
train/964.jpg,40-49,Male,Middle Eastern,False
train/965.jpg,0-2,Female,White,False
train/966.jpg,40-49,Male,Indian,True
train/967.jpg,40-49,Female,Black,False
train/968.jpg,20-29,Female,Middle Eastern,True
train/969.jpg,40-49,Male,Southeast Asian,True
train/970.jpg,20-29,Female,Southeast Asian,True
train/971.jpg,30-39,Male,East Asian,True
train/972.jpg,30-39,Male,Southeast Asian,True
train/973.jpg,10-19,Male,East Asian,True
train/974.jpg,30-39,Female,Black,False
train/975.jpg,3-9,Male,Indian,True
train/976.jpg,50-59,Female,Black,True
train/977.jpg,3-9,Male,Middle Eastern,False
train/978.jpg,20-29,Female,East Asian,False
train/979.jpg,20-29,Male,White,True
train/980.jpg,20-29,Female,Latino_Hispanic,True
train/981.jpg,3-9,Female,Black,False
train/982.jpg,30-39,Male,Black,True
train/983.jpg,10-19,Female,Indian,True
train/984.jpg,20-29,Female,Indian,False
train/985.jpg,30-39,Female,Latino_Hispanic,True
train/986.jpg,40-49,Female,East Asian,True
train/987.jpg,20-29,Male,Black,True
train/988.jpg,20-29,Male,Indian,True
train/989.jpg,20-29,Male,East Asian,False
train/990.jpg,3-9,Male,Southeast Asian,False
train/991.jpg,50-59,Male,East Asian,True
train/992.jpg,20-29,Female,Latino_Hispanic,True
train/993.jpg,40-49,Male,White,True
train/994.jpg,40-49,Male,Black,True
train/995.jpg,20-29,Female,Indian,True
train/996.jpg,10-19,Male,Southeast Asian,True
train/997.jpg,30-39,Male,Southeast Asian,True
train/998.jpg,30-39,Female,Indian,True
train/999.jpg,20-29,Female,Middle Eastern,True
train/1000.jpg,30-39,Male,White,False